date_1,avg,stage
11/3/2020,7.847116483,commute_time
11/3/2020,6.313963561,dispatch_time
11/3/2020,1.380117946,packing_queue_time
11/3/2020,10.27506481,packing_time
11/3/2020,1.335344108,picking_queue_time
11/3/2020,3.618918067,picking_time
11/4/2020,25.19436813,commute_time
11/4/2020,-3.825346767,dispatch_time
11/4/2020,0.06934291667,packing_queue_time
11/4/2020,20.36719402,packing_time
11/4/2020,1.9527671,picking_queue_time
11/4/2020,4.783715417,picking_time
11/5/2020,18.98826101,commute_time
11/5/2020,3.256385658,dispatch_time
11/5/2020,0.1369742033,packing_queue_time
11/5/2020,4.260866131,packing_time
11/5/2020,-0.7048478907,picking_queue_time
11/5/2020,3.189709893,picking_time
11/6/2020,31.54102894,commute_time
11/6/2020,4.957185071,dispatch_time
11/6/2020,0.06601813667,packing_queue_time
11/6/2020,2.16367443,packing_time
11/6/2020,-0.1440967795,picking_queue_time
11/6/2020,2.379173791,picking_time
11/7/2020,31.60458232,commute_time
11/7/2020,4.442910893,dispatch_time
11/7/2020,0.1062914429,packing_queue_time
11/7/2020,1.746513629,packing_time
11/7/2020,-0.1773683577,picking_queue_time
11/7/2020,1.768785776,picking_time
11/8/2020,38.09553789,commute_time
11/8/2020,9.742914089,dispatch_time
11/8/2020,1.083269227,packing_queue_time
11/8/2020,2.663795473,packing_time
11/8/2020,3.477829305,picking_queue_time
11/8/2020,2.6598591,picking_time
11/9/2020,27.5588929,commute_time
11/9/2020,9.016800809,dispatch_time
11/9/2020,0.09138898519,packing_queue_time
11/9/2020,1.728420064,packing_time
11/9/2020,-0.7451712548,picking_queue_time
11/9/2020,1.893275091,picking_time
11/10/2020,28.5265513,commute_time
11/10/2020,4.388991531,dispatch_time
11/10/2020,0.1031833256,packing_queue_time
11/10/2020,2.067260154,packing_time
11/10/2020,0.6754348144,picking_queue_time
11/10/2020,3.631433241,picking_time
11/11/2020,24.27625973,commute_time
11/11/2020,3.38721021,dispatch_time
11/11/2020,0.4868168204,packing_queue_time
11/11/2020,2.020285683,packing_time
11/11/2020,1.028542722,picking_queue_time
11/11/2020,2.611861097,picking_time
11/12/2020,30.80574738,commute_time
11/12/2020,3.430585816,dispatch_time
11/12/2020,0.20125308,packing_queue_time
11/12/2020,3.10024329,packing_time
11/12/2020,-0.6543315889,picking_queue_time
11/12/2020,3.298091836,picking_time
11/13/2020,26.13593007,commute_time
11/13/2020,2.522264024,dispatch_time
11/13/2020,0.1247432338,packing_queue_time
11/13/2020,2.187856453,packing_time
11/13/2020,0.17348763,picking_queue_time
11/13/2020,3.647923617,picking_time
11/14/2020,27.71588868,commute_time
11/14/2020,6.078626615,dispatch_time
11/14/2020,0.1660345161,packing_queue_time
11/14/2020,2.630565244,packing_time
11/14/2020,-2.031932735,picking_queue_time
11/14/2020,3.830391933,picking_time
11/15/2020,27.16142134,commute_time
11/15/2020,3.572177149,dispatch_time
11/15/2020,0.7177456387,packing_queue_time
11/15/2020,2.003084026,packing_time
11/15/2020,0.1552511422,picking_queue_time
11/15/2020,3.832614603,picking_time
11/16/2020,31.90537857,commute_time
11/16/2020,3.34163356,dispatch_time
11/16/2020,0.2191530599,packing_queue_time
11/16/2020,2.511113287,packing_time
11/16/2020,1.539096409,picking_queue_time
11/16/2020,4.382123672,picking_time
11/17/2020,27.99626789,commute_time
11/17/2020,2.109676816,dispatch_time
11/17/2020,0.1628178763,packing_queue_time
11/17/2020,2.295128249,packing_time
11/17/2020,-0.1133926371,picking_queue_time
11/17/2020,4.442717625,picking_time
11/18/2020,28.01815242,commute_time
11/18/2020,1.907410773,dispatch_time
11/18/2020,0.353644245,packing_queue_time
11/18/2020,2.025465021,packing_time
11/18/2020,1.031898132,picking_queue_time
11/18/2020,3.010419416,picking_time
11/19/2020,29.34743413,commute_time
11/19/2020,2.684505801,dispatch_time
11/19/2020,0.56760333,packing_queue_time
11/19/2020,1.591767421,packing_time
11/19/2020,-0.8429258877,picking_queue_time
11/19/2020,2.310504496,picking_time
11/20/2020,25.40480508,commute_time
11/20/2020,1.738989852,dispatch_time
11/20/2020,0.4452989308,packing_queue_time
11/20/2020,1.584924317,packing_time
11/20/2020,-0.0847681477,picking_queue_time
11/20/2020,1.94946858,picking_time
11/21/2020,25.41782257,commute_time
11/21/2020,3.940646709,dispatch_time
11/21/2020,0.3975963669,packing_queue_time
11/21/2020,2.169553059,packing_time
11/21/2020,1.110551234,picking_queue_time
11/21/2020,2.348100297,picking_time
11/22/2020,25.28530149,commute_time
11/22/2020,4.605115302,dispatch_time
11/22/2020,0.4594857705,packing_queue_time
11/22/2020,1.291615983,packing_time
11/22/2020,0.592220535,picking_queue_time
11/22/2020,2.617910412,picking_time
11/23/2020,27.76145795,commute_time
11/23/2020,5.471172916,dispatch_time
11/23/2020,0.4715576014,packing_queue_time
11/23/2020,1.815494221,packing_time
11/23/2020,0.3012705931,picking_queue_time
11/23/2020,2.423453554,picking_time
11/24/2020,27.95204835,commute_time
11/24/2020,5.013381844,dispatch_time
11/24/2020,7.313266173,packing_queue_time
11/24/2020,-4.989702737,packing_time
11/24/2020,1.147311637,picking_queue_time
11/24/2020,2.676349225,picking_time
11/25/2020,29.67711662,commute_time
11/25/2020,5.189717878,dispatch_time
11/25/2020,0.6693207621,packing_queue_time
11/25/2020,0.9405768051,packing_time
11/25/2020,0.3088870217,picking_queue_time
11/25/2020,2.740961045,picking_time
11/26/2020,25.89025039,commute_time
11/26/2020,3.83251058,dispatch_time
11/26/2020,1.008944329,packing_queue_time
11/26/2020,1.1410871,packing_time
11/26/2020,0.6310902897,picking_queue_time
11/26/2020,2.659975869,picking_time
11/27/2020,27.85605447,commute_time
11/27/2020,6.922257771,dispatch_time
11/27/2020,1.757667906,packing_queue_time
11/27/2020,1.038869667,packing_time
11/27/2020,0.9699307202,picking_queue_time
11/27/2020,2.388042319,picking_time
11/28/2020,27.44124195,commute_time
11/28/2020,4.614477811,dispatch_time
11/28/2020,2.093983577,packing_queue_time
11/28/2020,1.163959613,packing_time
11/28/2020,0.4885446619,picking_queue_time
11/28/2020,2.345192834,picking_time
11/29/2020,35.39339988,commute_time
11/29/2020,10.44290987,dispatch_time
11/29/2020,3.165934769,packing_queue_time
11/29/2020,1.260854593,packing_time
11/29/2020,15.08335074,picking_queue_time
11/29/2020,2.578153732,picking_time
11/30/2020,31.83977741,commute_time
11/30/2020,7.761562323,dispatch_time
11/30/2020,4.363094882,packing_queue_time
11/30/2020,1.278866994,packing_time
11/30/2020,5.884010587,picking_queue_time
11/30/2020,2.361960349,picking_time
12/1/2020,29.35472983,commute_time
12/1/2020,7.689506734,dispatch_time
12/1/2020,2.35304765,packing_queue_time
12/1/2020,1.335145459,packing_time
12/1/2020,2.369407193,picking_queue_time
12/1/2020,3.791723859,picking_time
12/2/2020,26.68408186,commute_time
12/2/2020,5.036752669,dispatch_time
12/2/2020,1.077792224,packing_queue_time
12/2/2020,1.183452913,packing_time
12/2/2020,1.345571794,picking_queue_time
12/2/2020,2.917611909,picking_time
12/3/2020,24.83009891,commute_time
12/3/2020,3.578387739,dispatch_time
12/3/2020,1.723146318,packing_queue_time
12/3/2020,1.682228587,packing_time
12/3/2020,6.087576268,picking_queue_time
12/3/2020,4.318243507,picking_time
12/4/2020,24.00792799,commute_time
12/4/2020,3.862169635,dispatch_time
12/4/2020,0.9835234587,packing_queue_time
12/4/2020,0.5468302859,packing_time
12/4/2020,4.891242025,picking_queue_time
12/4/2020,3.588090345,picking_time
12/5/2020,24.21508732,commute_time
12/5/2020,2.803424774,dispatch_time
12/5/2020,1.727942185,packing_queue_time
12/5/2020,1.524516781,packing_time
12/5/2020,2.149047307,picking_queue_time
12/5/2020,3.711089352,picking_time
12/6/2020,23.06449185,commute_time
12/6/2020,2.728557575,dispatch_time
12/6/2020,1.232306502,packing_queue_time
12/6/2020,1.305130334,packing_time
12/6/2020,-0.123677837,picking_queue_time
12/6/2020,3.791324625,picking_time
12/7/2020,23.59591222,commute_time
12/7/2020,2.583138843,dispatch_time
12/7/2020,0.9303744148,packing_queue_time
12/7/2020,1.209972112,packing_time
12/7/2020,0.5144662459,picking_queue_time
12/7/2020,3.140784198,picking_time
12/8/2020,23.02962615,commute_time
12/8/2020,3.09201898,dispatch_time
12/8/2020,1.101537368,packing_queue_time
12/8/2020,1.357612211,packing_time
12/8/2020,1.745767795,picking_queue_time
12/8/2020,3.074791752,picking_time
12/9/2020,22.77179537,commute_time
12/9/2020,3.299833339,dispatch_time
12/9/2020,2.037653845,packing_queue_time
12/9/2020,1.631696364,packing_time
12/9/2020,7.607797843,picking_queue_time
12/9/2020,3.914702762,picking_time
12/10/2020,23.0734363,commute_time
12/10/2020,2.800025351,dispatch_time
12/10/2020,0.9317828114,packing_queue_time
12/10/2020,1.550879867,packing_time
12/10/2020,2.038896248,picking_queue_time
12/10/2020,4.071296978,picking_time
12/11/2020,24.47386725,commute_time
12/11/2020,2.654919541,dispatch_time
12/11/2020,1.364480601,packing_queue_time
12/11/2020,1.596634231,packing_time
12/11/2020,1.26826544,picking_queue_time
12/11/2020,3.585569907,picking_time
12/12/2020,23.61107965,commute_time
12/12/2020,2.545991939,dispatch_time
12/12/2020,1.270752958,packing_queue_time
12/12/2020,1.28050085,packing_time
12/12/2020,2.379438635,picking_queue_time
12/12/2020,3.142419237,picking_time
12/13/2020,21.32675753,commute_time
12/13/2020,2.881135357,dispatch_time
12/13/2020,1.02796319,packing_queue_time
12/13/2020,1.290217028,packing_time
12/13/2020,0.8496306562,picking_queue_time
12/13/2020,3.196983898,picking_time
12/14/2020,22.13939665,commute_time
12/14/2020,2.641003946,dispatch_time
12/14/2020,0.8611273405,packing_queue_time
12/14/2020,1.35176505,packing_time
12/14/2020,-0.281814213,picking_queue_time
12/14/2020,3.334595618,picking_time
12/15/2020,23.87157776,commute_time
12/15/2020,3.113264925,dispatch_time
12/15/2020,0.8829227952,packing_queue_time
12/15/2020,1.355482954,packing_time
12/15/2020,-0.4864061307,picking_queue_time
12/15/2020,3.261858507,picking_time
12/16/2020,23.54451545,commute_time
12/16/2020,3.296440556,dispatch_time
12/16/2020,1.328011006,packing_queue_time
12/16/2020,1.267632819,packing_time
12/16/2020,1.426160938,picking_queue_time
12/16/2020,2.963220977,picking_time
12/17/2020,24.17583849,commute_time
12/17/2020,4.128641137,dispatch_time
12/17/2020,1.345933824,packing_queue_time
12/17/2020,1.029290605,packing_time
12/17/2020,1.233779318,picking_queue_time
12/17/2020,2.830876317,picking_time
12/18/2020,24.71861433,commute_time
12/18/2020,3.909563415,dispatch_time
12/18/2020,1.108951739,packing_queue_time
12/18/2020,0.9831727288,packing_time
12/18/2020,4.302292986,picking_queue_time
12/18/2020,3.248945139,picking_time
12/19/2020,23.78118242,commute_time
12/19/2020,4.969731609,dispatch_time
12/19/2020,1.825333899,packing_queue_time
12/19/2020,1.308945257,packing_time
12/19/2020,1.223711105,picking_queue_time
12/19/2020,2.880566491,picking_time
12/20/2020,20.67463947,commute_time
12/20/2020,3.019953398,dispatch_time
12/20/2020,1.423412625,packing_queue_time
12/20/2020,1.199291818,packing_time
12/20/2020,1.591434361,picking_queue_time
12/20/2020,3.154960473,picking_time
12/21/2020,23.97179188,commute_time
12/21/2020,4.23401535,dispatch_time
12/21/2020,0.9389679595,packing_queue_time
12/21/2020,1.205952125,packing_time
12/21/2020,1.427977308,picking_queue_time
12/21/2020,2.686965281,picking_time
12/22/2020,23.04633514,commute_time
12/22/2020,3.708142334,dispatch_time
12/22/2020,0.9863240073,packing_queue_time
12/22/2020,1.136975651,packing_time
12/22/2020,1.289522112,picking_queue_time
12/22/2020,2.682207527,picking_time
12/23/2020,21.57847109,commute_time
12/23/2020,3.562050566,dispatch_time
12/23/2020,1.099291521,packing_queue_time
12/23/2020,1.317002416,packing_time
12/23/2020,2.020353885,picking_queue_time
12/23/2020,2.871862402,picking_time
12/24/2020,23.31535474,commute_time
12/24/2020,3.456914352,dispatch_time
12/24/2020,0.7062039876,packing_queue_time
12/24/2020,1.212396807,packing_time
12/24/2020,1.283363444,picking_queue_time
12/24/2020,3.15899914,picking_time
12/25/2020,23.33170402,commute_time
12/25/2020,3.924637834,dispatch_time
12/25/2020,1.305377958,packing_queue_time
12/25/2020,1.278990294,packing_time
12/25/2020,1.541617084,picking_queue_time
12/25/2020,3.506384361,picking_time
12/26/2020,21.93291151,commute_time
12/26/2020,2.854176155,dispatch_time
12/26/2020,1.442633682,packing_queue_time
12/26/2020,1.329994436,packing_time
12/26/2020,2.018156814,picking_queue_time
12/26/2020,3.355362204,picking_time
12/27/2020,19.67045394,commute_time
12/27/2020,3.014664298,dispatch_time
12/27/2020,1.362941155,packing_queue_time
12/27/2020,1.226938977,packing_time
12/27/2020,2.827205559,picking_queue_time
12/27/2020,3.203959233,picking_time
12/28/2020,21.79707536,commute_time
12/28/2020,3.086856411,dispatch_time
12/28/2020,0.8599464629,packing_queue_time
12/28/2020,1.180916454,packing_time
12/28/2020,2.107523113,picking_queue_time
12/28/2020,2.555198218,picking_time
12/29/2020,20.75727435,commute_time
12/29/2020,3.223137213,dispatch_time
12/29/2020,0.5757414784,packing_queue_time
12/29/2020,1.164060692,packing_time
12/29/2020,1.98583032,picking_queue_time
12/29/2020,2.701888486,picking_time
12/30/2020,19.9230103,commute_time
12/30/2020,2.685431413,dispatch_time
12/30/2020,0.7092326419,packing_queue_time
12/30/2020,1.184198517,packing_time
12/30/2020,2.025407158,picking_queue_time
12/30/2020,2.931119514,picking_time
12/31/2020,22.59022166,commute_time
12/31/2020,4.162339619,dispatch_time
12/31/2020,0.7271521425,packing_queue_time
12/31/2020,1.269796428,packing_time
12/31/2020,3.022596517,picking_queue_time
12/31/2020,2.809328234,picking_time
1/1/2021,21.24108078,commute_time
1/1/2021,3.572673064,dispatch_time
1/1/2021,0.5569906924,packing_queue_time
1/1/2021,1.164910254,packing_time
1/1/2021,1.742206201,picking_queue_time
1/1/2021,2.828300098,picking_time
1/2/2021,20.77592549,commute_time
1/2/2021,3.311670953,dispatch_time
1/2/2021,0.6181483287,packing_queue_time
1/2/2021,1.120189262,packing_time
1/2/2021,1.829099947,picking_queue_time
1/2/2021,2.53030552,picking_time
1/3/2021,20.81994782,commute_time
1/3/2021,4.382567598,dispatch_time
1/3/2021,1.515092438,packing_queue_time
1/3/2021,1.19102931,packing_time
1/3/2021,2.300911394,picking_queue_time
1/3/2021,3.114031351,picking_time
1/4/2021,20.48341344,commute_time
1/4/2021,3.392557066,dispatch_time
1/4/2021,0.7824815549,packing_queue_time
1/4/2021,1.100828376,packing_time
1/4/2021,1.63264947,picking_queue_time
1/4/2021,2.570620896,picking_time
1/5/2021,20.98507406,commute_time
1/5/2021,3.86917058,dispatch_time
1/5/2021,0.8064615441,packing_queue_time
1/5/2021,1.14866166,packing_time
1/5/2021,1.645639014,picking_queue_time
1/5/2021,2.685434854,picking_time
1/6/2021,24.47185624,commute_time
1/6/2021,5.390436932,dispatch_time
1/6/2021,0.8983094229,packing_queue_time
1/6/2021,1.11836556,packing_time
1/6/2021,2.251058328,picking_queue_time
1/6/2021,2.965300952,picking_time
1/7/2021,23.37266909,commute_time
1/7/2021,4.391127092,dispatch_time
1/7/2021,1.046006793,packing_queue_time
1/7/2021,1.138697708,packing_time
1/7/2021,2.12971477,picking_queue_time
1/7/2021,2.765195571,picking_time
1/8/2021,24.55231151,commute_time
1/8/2021,3.465694638,dispatch_time
1/8/2021,0.6773948271,packing_queue_time
1/8/2021,1.056013823,packing_time
1/8/2021,2.237950524,picking_queue_time
1/8/2021,2.933177788,picking_time
1/9/2021,20.35972133,commute_time
1/9/2021,3.261140256,dispatch_time
1/9/2021,0.9111252892,packing_queue_time
1/9/2021,1.149823031,packing_time
1/9/2021,2.195938211,picking_queue_time
1/9/2021,2.736456121,picking_time
1/10/2021,19.57570856,commute_time
1/10/2021,3.265860991,dispatch_time
1/10/2021,0.7301571449,packing_queue_time
1/10/2021,1.118891374,packing_time
1/10/2021,2.559218176,picking_queue_time
1/10/2021,2.890473853,picking_time
1/11/2021,20.33223666,commute_time
1/11/2021,2.843461478,dispatch_time
1/11/2021,1.018032524,packing_queue_time
1/11/2021,1.284213475,packing_time
1/11/2021,2.377352494,picking_queue_time
1/11/2021,2.74338912,picking_time
1/12/2021,20.15691782,commute_time
1/12/2021,3.20173229,dispatch_time
1/12/2021,0.8996700009,packing_queue_time
1/12/2021,1.221504936,packing_time
1/12/2021,3.771035118,picking_queue_time
1/12/2021,2.546741711,picking_time
1/13/2021,20.91223377,commute_time
1/13/2021,3.153362112,dispatch_time
1/13/2021,0.7863676079,packing_queue_time
1/13/2021,1.0876391,packing_time
1/13/2021,2.333370234,picking_queue_time
1/13/2021,2.777126959,picking_time
1/14/2021,20.53266376,commute_time
1/14/2021,3.299652462,dispatch_time
1/14/2021,0.8059867657,packing_queue_time
1/14/2021,1.091055455,packing_time
1/14/2021,2.143039752,picking_queue_time
1/14/2021,2.875049423,picking_time
1/15/2021,21.85525233,commute_time
1/15/2021,3.210159631,dispatch_time
1/15/2021,0.8661728007,packing_queue_time
1/15/2021,1.219552183,packing_time
1/15/2021,2.698400187,picking_queue_time
1/15/2021,2.735581661,picking_time
1/16/2021,21.05759755,commute_time
1/16/2021,3.196505083,dispatch_time
1/16/2021,0.9208701891,packing_queue_time
1/16/2021,1.159292739,packing_time
1/16/2021,2.476037911,picking_queue_time
1/16/2021,3.012561937,picking_time
1/17/2021,20.48003094,commute_time
1/17/2021,3.188203044,dispatch_time
1/17/2021,0.7717423161,packing_queue_time
1/17/2021,1.164248697,packing_time
1/17/2021,2.630082263,picking_queue_time
1/17/2021,2.760819501,picking_time
1/18/2021,22.55197517,commute_time
1/18/2021,4.582486343,dispatch_time
1/18/2021,0.8673424754,packing_queue_time
1/18/2021,1.181450574,packing_time
1/18/2021,3.655554328,picking_queue_time
1/18/2021,3.002101259,picking_time
1/19/2021,20.90821573,commute_time
1/19/2021,5.0252411,dispatch_time
1/19/2021,0.9544241017,packing_queue_time
1/19/2021,1.233846803,packing_time
1/19/2021,2.355185081,picking_queue_time
1/19/2021,2.898262484,picking_time
1/20/2021,21.75180219,commute_time
1/20/2021,5.258435456,dispatch_time
1/20/2021,1.072508757,packing_queue_time
1/20/2021,1.134275917,packing_time
1/20/2021,2.433634672,picking_queue_time
1/20/2021,2.835542891,picking_time
1/21/2021,20.97458007,commute_time
1/21/2021,4.943883549,dispatch_time
1/21/2021,1.099970623,packing_queue_time
1/21/2021,1.1673205,packing_time
1/21/2021,2.229704156,picking_queue_time
1/21/2021,3.033516378,picking_time
1/22/2021,24.17613153,commute_time
1/22/2021,5.654678645,dispatch_time
1/22/2021,1.222563491,packing_queue_time
1/22/2021,1.26871126,packing_time
1/22/2021,2.583969496,picking_queue_time
1/22/2021,3.102700907,picking_time
1/23/2021,21.78607716,commute_time
1/23/2021,4.713171098,dispatch_time
1/23/2021,1.152897298,packing_queue_time
1/23/2021,1.138098126,packing_time
1/23/2021,9.546763088,picking_queue_time
1/23/2021,2.88562693,picking_time
1/24/2021,22.0972214,commute_time
1/24/2021,4.805351306,dispatch_time
1/24/2021,1.209655112,packing_queue_time
1/24/2021,1.094860562,packing_time
1/24/2021,3.32920209,picking_queue_time
1/24/2021,2.991320073,picking_time
1/25/2021,21.58965664,commute_time
1/25/2021,4.215006516,dispatch_time
1/25/2021,1.107752534,packing_queue_time
1/25/2021,1.036172287,packing_time
1/25/2021,2.489366422,picking_queue_time
1/25/2021,2.834191062,picking_time
1/26/2021,23.64293035,commute_time
1/26/2021,4.66235973,dispatch_time
1/26/2021,1.460251962,packing_queue_time
1/26/2021,1.157804736,packing_time
1/26/2021,4.646744562,picking_queue_time
1/26/2021,2.99681552,picking_time
1/27/2021,24.28496843,commute_time
1/27/2021,4.678057601,dispatch_time
1/27/2021,1.950536619,packing_queue_time
1/27/2021,1.241844781,packing_time
1/27/2021,3.888428321,picking_queue_time
1/27/2021,3.210370988,picking_time
1/28/2021,23.65141863,commute_time
1/28/2021,4.707802404,dispatch_time
1/28/2021,1.511612719,packing_queue_time
1/28/2021,1.185513053,packing_time
1/28/2021,4.822215349,picking_queue_time
1/28/2021,2.916772256,picking_time
1/29/2021,25.39158232,commute_time
1/29/2021,5.781237423,dispatch_time
1/29/2021,0.903436947,packing_queue_time
1/29/2021,1.018508062,packing_time
1/29/2021,3.638033371,picking_queue_time
1/29/2021,2.872763688,picking_time
1/30/2021,25.44211724,commute_time
1/30/2021,5.453674766,dispatch_time
1/30/2021,1.445971062,packing_queue_time
1/30/2021,1.194302537,packing_time
1/30/2021,3.617524779,picking_queue_time
1/30/2021,3.117473061,picking_time
1/31/2021,26.97876125,commute_time
1/31/2021,7.934526142,dispatch_time
1/31/2021,1.500736806,packing_queue_time
1/31/2021,1.065396089,packing_time
1/31/2021,3.413179019,picking_queue_time
1/31/2021,3.183432827,picking_time
2/1/2021,28.762782,commute_time
2/1/2021,6.659468656,dispatch_time
2/1/2021,1.672202408,packing_queue_time
2/1/2021,1.18492657,packing_time
2/1/2021,3.050206754,picking_queue_time
2/1/2021,3.056947653,picking_time
2/2/2021,28.18273099,commute_time
2/2/2021,6.935304787,dispatch_time
2/2/2021,1.707111697,packing_queue_time
2/2/2021,1.131844374,packing_time
2/2/2021,2.844235255,picking_queue_time
2/2/2021,2.920005469,picking_time
2/3/2021,28.02407018,commute_time
2/3/2021,5.565638495,dispatch_time
2/3/2021,1.663736356,packing_queue_time
2/3/2021,1.290817715,packing_time
2/3/2021,2.489519979,picking_queue_time
2/3/2021,3.033261798,picking_time
2/4/2021,26.37143487,commute_time
2/4/2021,5.625527035,dispatch_time
2/4/2021,1.600992477,packing_queue_time
2/4/2021,1.155342014,packing_time
2/4/2021,3.014965984,picking_queue_time
2/4/2021,3.050818167,picking_time
2/5/2021,27.56659874,commute_time
2/5/2021,7.733546564,dispatch_time
2/5/2021,4.11946476,packing_queue_time
2/5/2021,1.347476136,packing_time
2/5/2021,3.397830628,picking_queue_time
2/5/2021,3.461412407,picking_time
2/6/2021,26.81062297,commute_time
2/6/2021,5.909808915,dispatch_time
2/6/2021,1.615976336,packing_queue_time
2/6/2021,1.157924017,packing_time
2/6/2021,2.682179025,picking_queue_time
2/6/2021,3.170423882,picking_time
2/7/2021,28.40967995,commute_time
2/7/2021,7.404719126,dispatch_time
2/7/2021,1.751835777,packing_queue_time
2/7/2021,1.07954827,packing_time
2/7/2021,2.749904981,picking_queue_time
2/7/2021,2.952595241,picking_time
2/8/2021,27.59024126,commute_time
2/8/2021,5.694434626,dispatch_time
2/8/2021,1.464139315,packing_queue_time
2/8/2021,1.211259943,packing_time
2/8/2021,2.688365128,picking_queue_time
2/8/2021,3.059699124,picking_time
2/9/2021,25.95971444,commute_time
2/9/2021,6.915553943,dispatch_time
2/9/2021,3.112297911,packing_queue_time
2/9/2021,1.388540946,packing_time
2/9/2021,2.467194061,picking_queue_time
2/9/2021,3.450364767,picking_time
2/10/2021,25.38369612,commute_time
2/10/2021,5.283526233,dispatch_time
2/10/2021,2.022293737,packing_queue_time
2/10/2021,1.354401855,packing_time
2/10/2021,2.047504889,picking_queue_time
2/10/2021,3.281643104,picking_time
2/11/2021,28.14907887,commute_time
2/11/2021,6.296539792,dispatch_time
2/11/2021,1.985355057,packing_queue_time
2/11/2021,1.390132193,packing_time
2/11/2021,4.652276697,picking_queue_time
2/11/2021,3.362817555,picking_time
2/12/2021,25.3283165,commute_time
2/12/2021,5.521326046,dispatch_time
2/12/2021,1.514217146,packing_queue_time
2/12/2021,1.406515433,packing_time
2/12/2021,2.271217055,picking_queue_time
2/12/2021,3.084696803,picking_time
2/13/2021,26.59445435,commute_time
2/13/2021,6.3571911,dispatch_time
2/13/2021,1.805586362,packing_queue_time
2/13/2021,1.427817336,packing_time
2/13/2021,2.593609133,picking_queue_time
2/13/2021,2.981748326,picking_time
2/14/2021,24.90147298,commute_time
2/14/2021,6.981342647,dispatch_time
2/14/2021,1.709452051,packing_queue_time
2/14/2021,1.265771569,packing_time
2/14/2021,2.825379811,picking_queue_time
2/14/2021,3.038867163,picking_time
2/15/2021,27.37991431,commute_time
2/15/2021,7.372226467,dispatch_time
2/15/2021,1.914445894,packing_queue_time
2/15/2021,1.281693172,packing_time
2/15/2021,2.441078443,picking_queue_time
2/15/2021,2.959427062,picking_time
2/16/2021,26.89707725,commute_time
2/16/2021,8.751558219,dispatch_time
2/16/2021,2.206116537,packing_queue_time
2/16/2021,1.508692588,packing_time
2/16/2021,3.821620463,picking_queue_time
2/16/2021,3.357400221,picking_time
2/17/2021,25.8400763,commute_time
2/17/2021,6.42546589,dispatch_time
2/17/2021,1.973364862,packing_queue_time
2/17/2021,1.381141008,packing_time
2/17/2021,3.285868919,picking_queue_time
2/17/2021,3.165537099,picking_time
2/18/2021,25.82141767,commute_time
2/18/2021,7.27829187,dispatch_time
2/18/2021,3.157060264,packing_queue_time
2/18/2021,1.477930338,packing_time
2/18/2021,3.905080804,picking_queue_time
2/18/2021,3.041392024,picking_time
2/19/2021,28.95990361,commute_time
2/19/2021,9.210682165,dispatch_time
2/19/2021,1.760293307,packing_queue_time
2/19/2021,1.274305213,packing_time
2/19/2021,2.761837455,picking_queue_time
2/19/2021,3.276363535,picking_time
2/20/2021,25.92871534,commute_time
2/20/2021,8.105870358,dispatch_time
2/20/2021,2.793978724,packing_queue_time
2/20/2021,1.40763807,packing_time
2/20/2021,4.704156033,picking_queue_time
2/20/2021,3.561350559,picking_time
2/21/2021,26.26993117,commute_time
2/21/2021,8.400131693,dispatch_time
2/21/2021,4.992348423,packing_queue_time
2/21/2021,1.557362544,packing_time
2/21/2021,5.659216512,picking_queue_time
2/21/2021,3.234237355,picking_time
2/22/2021,31.46559062,commute_time
2/22/2021,9.286029634,dispatch_time
2/22/2021,2.534948347,packing_queue_time
2/22/2021,1.322610367,packing_time
2/22/2021,2.995164001,picking_queue_time
2/22/2021,2.901727441,picking_time
2/23/2021,30.16760845,commute_time
2/23/2021,10.64361716,dispatch_time
2/23/2021,4.200592409,packing_queue_time
2/23/2021,1.259452671,packing_time
2/23/2021,4.065907144,picking_queue_time
2/23/2021,3.194634244,picking_time
2/24/2021,31.34964339,commute_time
2/24/2021,12.04075392,dispatch_time
2/24/2021,3.428459858,packing_queue_time
2/24/2021,1.496089696,packing_time
2/24/2021,4.017130397,picking_queue_time
2/24/2021,2.966354436,picking_time
2/25/2021,28.66020682,commute_time
2/25/2021,11.26203093,dispatch_time
2/25/2021,7.133038959,packing_queue_time
2/25/2021,1.902039689,packing_time
2/25/2021,6.450195923,picking_queue_time
2/25/2021,3.611104072,picking_time
2/26/2021,26.99514399,commute_time
2/26/2021,10.72820431,dispatch_time
2/26/2021,3.889166976,packing_queue_time
2/26/2021,1.535906637,packing_time
2/26/2021,5.331157137,picking_queue_time
2/26/2021,3.689560307,picking_time
2/27/2021,29.82892074,commute_time
2/27/2021,12.1904315,dispatch_time
2/27/2021,3.762322107,packing_queue_time
2/27/2021,1.564917977,packing_time
2/27/2021,5.010271014,picking_queue_time
2/27/2021,3.787672169,picking_time
2/28/2021,29.0867098,commute_time
2/28/2021,12.15028059,dispatch_time
2/28/2021,7.542824513,packing_queue_time
2/28/2021,1.727851296,packing_time
2/28/2021,6.687871455,picking_queue_time
2/28/2021,3.749162986,picking_time
3/1/2021,34.02343137,commute_time
3/1/2021,20.49027242,dispatch_time
3/1/2021,4.975261722,packing_queue_time
3/1/2021,1.433193993,packing_time
3/1/2021,5.458885835,picking_queue_time
3/1/2021,3.518532891,picking_time
3/2/2021,30.25559837,commute_time
3/2/2021,10.93669535,dispatch_time
3/2/2021,6.546004663,packing_queue_time
3/2/2021,1.523037826,packing_time
3/2/2021,12.96215243,picking_queue_time
3/2/2021,4.254130264,picking_time
3/3/2021,27.06997587,commute_time
3/3/2021,9.903843353,dispatch_time
3/3/2021,5.834948749,packing_queue_time
3/3/2021,1.70823573,packing_time
3/3/2021,8.722922717,picking_queue_time
3/3/2021,4.244644386,picking_time
3/4/2021,28.1792216,commute_time
3/4/2021,12.13234976,dispatch_time
3/4/2021,4.955342247,packing_queue_time
3/4/2021,2.035611581,packing_time
3/4/2021,6.074234369,picking_queue_time
3/4/2021,5.094861875,picking_time
3/5/2021,31.42005131,commute_time
3/5/2021,15.65587049,dispatch_time
3/5/2021,3.34060239,packing_queue_time
3/5/2021,1.798130922,packing_time
3/5/2021,3.302788182,picking_queue_time
3/5/2021,4.294428076,picking_time
3/6/2021,25.82796053,commute_time
3/6/2021,9.363946095,dispatch_time
3/6/2021,3.30745979,packing_queue_time
3/6/2021,1.739127061,packing_time
3/6/2021,3.727802059,picking_queue_time
3/6/2021,4.238829769,picking_time
3/7/2021,31.50940122,commute_time
3/7/2021,14.85431015,dispatch_time
3/7/2021,5.801856312,packing_queue_time
3/7/2021,1.853580213,packing_time
3/7/2021,4.499780651,picking_queue_time
3/7/2021,4.237346797,picking_time
3/8/2021,28.9363045,commute_time
3/8/2021,12.3212835,dispatch_time
3/8/2021,2.204731796,packing_queue_time
3/8/2021,1.545086636,packing_time
3/8/2021,2.391455836,picking_queue_time
3/8/2021,3.792429652,picking_time
3/9/2021,28.11711021,commute_time
3/9/2021,10.42877674,dispatch_time
3/9/2021,2.77810719,packing_queue_time
3/9/2021,1.562605759,packing_time
3/9/2021,2.636796567,picking_queue_time
3/9/2021,3.816266476,picking_time
3/10/2021,28.69294435,commute_time
3/10/2021,12.57204064,dispatch_time
3/10/2021,4.187715765,packing_queue_time
3/10/2021,1.893466345,packing_time
3/10/2021,4.77808521,picking_queue_time
3/10/2021,4.070330861,picking_time
3/11/2021,27.04654285,commute_time
3/11/2021,10.1072355,dispatch_time
3/11/2021,3.479689773,packing_queue_time
3/11/2021,1.719098591,packing_time
3/11/2021,4.419015539,picking_queue_time
3/11/2021,4.02989907,picking_time
3/12/2021,23.81978037,commute_time
3/12/2021,7.718597917,dispatch_time
3/12/2021,1.962740368,packing_queue_time
3/12/2021,1.616208751,packing_time
3/12/2021,4.442286775,picking_queue_time
3/12/2021,3.90953999,picking_time
3/13/2021,23.9728548,commute_time
3/13/2021,6.876355794,dispatch_time
3/13/2021,2.287503635,packing_queue_time
3/13/2021,1.718916127,packing_time
3/13/2021,3.822242966,picking_queue_time
3/13/2021,4.088769363,picking_time
3/14/2021,25.72647283,commute_time
3/14/2021,9.309261579,dispatch_time
3/14/2021,5.473138941,packing_queue_time
3/14/2021,1.587964539,packing_time
3/14/2021,11.18191918,picking_queue_time
3/14/2021,3.782666829,picking_time
3/15/2021,24.25225132,commute_time
3/15/2021,6.599217119,dispatch_time
3/15/2021,1.982942089,packing_queue_time
3/15/2021,1.57938033,packing_time
3/15/2021,3.08821046,picking_queue_time
3/15/2021,3.559051181,picking_time
3/16/2021,25.52335744,commute_time
3/16/2021,5.961311511,dispatch_time
3/16/2021,2.557022067,packing_queue_time
3/16/2021,1.353947065,packing_time
3/16/2021,4.572329721,picking_queue_time
3/16/2021,3.490241061,picking_time
3/17/2021,22.7693092,commute_time
3/17/2021,5.874509999,dispatch_time
3/17/2021,2.649791887,packing_queue_time
3/17/2021,1.545622264,packing_time
3/17/2021,4.503976449,picking_queue_time
3/17/2021,3.518710048,picking_time
3/18/2021,24.24015796,commute_time
3/18/2021,5.654128898,dispatch_time
3/18/2021,2.478015336,packing_queue_time
3/18/2021,1.55991675,packing_time
3/18/2021,3.357797291,picking_queue_time
3/18/2021,3.562686804,picking_time
3/19/2021,24.2481286,commute_time
3/19/2021,5.21981047,dispatch_time
3/19/2021,3.913668311,packing_queue_time
3/19/2021,1.504155768,packing_time
3/19/2021,4.551411072,picking_queue_time
3/19/2021,3.742487679,picking_time
3/20/2021,24.55297684,commute_time
3/20/2021,5.099272913,dispatch_time
3/20/2021,3.017815725,packing_queue_time
3/20/2021,1.679512904,packing_time
3/20/2021,3.9154317,picking_queue_time
3/20/2021,3.914703196,picking_time
3/21/2021,26.64826566,commute_time
3/21/2021,5.685336343,dispatch_time
3/21/2021,6.929235399,packing_queue_time
3/21/2021,1.702306471,packing_time
3/21/2021,7.713784532,picking_queue_time
3/21/2021,4.075897301,picking_time
3/22/2021,24.04568856,commute_time
3/22/2021,5.900901489,dispatch_time
3/22/2021,3.989681059,packing_queue_time
3/22/2021,1.664489728,packing_time
3/22/2021,5.145466717,picking_queue_time
3/22/2021,3.802010953,picking_time
3/23/2021,21.71166314,commute_time
3/23/2021,5.373696908,dispatch_time
3/23/2021,7.369934621,packing_queue_time
3/23/2021,1.429317282,packing_time
3/23/2021,11.13953204,picking_queue_time
3/23/2021,4.36405739,picking_time
3/24/2021,24.2160188,commute_time
3/24/2021,4.952680131,dispatch_time
3/24/2021,5.039255918,packing_queue_time
3/24/2021,1.541754329,packing_time
3/24/2021,6.092912049,picking_queue_time
3/24/2021,3.894028168,picking_time
3/25/2021,24.38108803,commute_time
3/25/2021,5.065613754,dispatch_time
3/25/2021,2.173282225,packing_queue_time
3/25/2021,1.300092946,packing_time
3/25/2021,5.032637066,picking_queue_time
3/25/2021,3.47857999,picking_time
3/26/2021,25.21802472,commute_time
3/26/2021,5.531719257,dispatch_time
3/26/2021,2.131961922,packing_queue_time
3/26/2021,1.252090818,packing_time
3/26/2021,3.759472991,picking_queue_time
3/26/2021,3.383355596,picking_time
3/27/2021,24.35159488,commute_time
3/27/2021,5.732003151,dispatch_time
3/27/2021,3.34299648,packing_queue_time
3/27/2021,1.376617158,packing_time
3/27/2021,6.58568482,picking_queue_time
3/27/2021,3.605967409,picking_time
3/28/2021,25.03902946,commute_time
3/28/2021,6.451018312,dispatch_time
3/28/2021,8.497663998,packing_queue_time
3/28/2021,1.46902318,packing_time
3/28/2021,9.425505435,picking_queue_time
3/28/2021,3.666793417,picking_time
3/29/2021,26.02444619,commute_time
3/29/2021,5.818468743,dispatch_time
3/29/2021,3.823780719,packing_queue_time
3/29/2021,1.450995484,packing_time
3/29/2021,5.518023258,picking_queue_time
3/29/2021,3.445774479,picking_time
3/30/2021,24.40052904,commute_time
3/30/2021,5.696230632,dispatch_time
3/30/2021,6.380852777,packing_queue_time
3/30/2021,1.301113098,packing_time
3/30/2021,7.427111303,picking_queue_time
3/30/2021,3.40881512,picking_time
3/31/2021,25.16558112,commute_time
3/31/2021,5.38945884,dispatch_time
3/31/2021,3.783534806,packing_queue_time
3/31/2021,1.390617249,packing_time
3/31/2021,5.711606489,picking_queue_time
3/31/2021,3.607756726,picking_time
4/1/2021,25.90723931,commute_time
4/1/2021,5.727788902,dispatch_time
4/1/2021,5.119249828,packing_queue_time
4/1/2021,1.589199142,packing_time
4/1/2021,6.935911826,picking_queue_time
4/1/2021,4.164423698,picking_time
4/2/2021,26.74858445,commute_time
4/2/2021,5.397638219,dispatch_time
4/2/2021,5.384856035,packing_queue_time
4/2/2021,1.57073644,packing_time
4/2/2021,6.824816864,picking_queue_time
4/2/2021,4.062726501,picking_time
4/3/2021,31.01935633,commute_time
4/3/2021,6.21158028,dispatch_time
4/3/2021,6.326972894,packing_queue_time
4/3/2021,1.536442346,packing_time
4/3/2021,7.636238489,picking_queue_time
4/3/2021,4.108379185,picking_time
4/4/2021,26.91667312,commute_time
4/4/2021,8.024063642,dispatch_time
4/4/2021,16.71039622,packing_queue_time
4/4/2021,1.56706671,packing_time
4/4/2021,20.35114118,picking_queue_time
4/4/2021,4.538884716,picking_time
4/5/2021,27.23373221,commute_time
4/5/2021,9.193282727,dispatch_time
4/5/2021,13.90488468,packing_queue_time
4/5/2021,0.9964705064,packing_time
4/5/2021,16.8873668,picking_queue_time
4/5/2021,5.154812938,picking_time
4/6/2021,25.79291376,commute_time
4/6/2021,7.242210969,dispatch_time
4/6/2021,12.5345841,packing_queue_time
4/6/2021,1.852549589,packing_time
4/6/2021,13.34820265,picking_queue_time
4/6/2021,4.563820553,picking_time
4/7/2021,25.85333433,commute_time
4/7/2021,7.003690175,dispatch_time
4/7/2021,6.357519973,packing_queue_time
4/7/2021,1.553265595,packing_time
4/7/2021,6.633259717,picking_queue_time
4/7/2021,4.471992636,picking_time
4/8/2021,25.84288804,commute_time
4/8/2021,6.520279299,dispatch_time
4/8/2021,4.3119351,packing_queue_time
4/8/2021,1.723888779,packing_time
4/8/2021,4.977275751,picking_queue_time
4/8/2021,4.567106226,picking_time
4/9/2021,26.14572904,commute_time
4/9/2021,6.969325301,dispatch_time
4/9/2021,3.179393243,packing_queue_time
4/9/2021,1.558773811,packing_time
4/9/2021,2.737560974,picking_queue_time
4/9/2021,4.312427806,picking_time
4/10/2021,26.84355907,commute_time
4/10/2021,7.031182388,dispatch_time
4/10/2021,3.445862314,packing_queue_time
4/10/2021,1.563562605,packing_time
4/10/2021,3.106957512,picking_queue_time
4/10/2021,4.411486687,picking_time
4/11/2021,27.05034306,commute_time
4/11/2021,7.962341489,dispatch_time
4/11/2021,5.74239255,packing_queue_time
4/11/2021,1.788244512,packing_time
4/11/2021,5.948045288,picking_queue_time
4/11/2021,5.008487778,picking_time
4/12/2021,29.53777641,commute_time
4/12/2021,9.011636135,dispatch_time
4/12/2021,5.244205738,packing_queue_time
4/12/2021,1.780953969,packing_time
4/12/2021,5.014669552,picking_queue_time
4/12/2021,4.8169035,picking_time
4/13/2021,31.27865376,commute_time
4/13/2021,9.706058756,dispatch_time
4/13/2021,10.83824443,packing_queue_time
4/13/2021,1.948537984,packing_time
4/13/2021,12.04251885,picking_queue_time
4/13/2021,5.475456915,picking_time
4/14/2021,29.15752049,commute_time
4/14/2021,12.28156324,dispatch_time
4/14/2021,4.297650638,packing_queue_time
4/14/2021,1.855447836,packing_time
4/14/2021,8.58758399,picking_queue_time
4/14/2021,5.982541651,picking_time
4/15/2021,27.67905574,commute_time
4/15/2021,7.322003628,dispatch_time
4/15/2021,2.339505738,packing_queue_time
4/15/2021,1.611675126,packing_time
4/15/2021,3.09592951,picking_queue_time
4/15/2021,5.008817921,picking_time
4/16/2021,26.32911594,commute_time
4/16/2021,8.628013485,dispatch_time
4/16/2021,2.758767767,packing_queue_time
4/16/2021,1.349883159,packing_time
4/16/2021,3.345403557,picking_queue_time
4/16/2021,5.064402594,picking_time
4/17/2021,24.67942316,commute_time
4/17/2021,6.741981727,dispatch_time
4/17/2021,1.408677158,packing_queue_time
4/17/2021,1.613353343,packing_time
4/17/2021,2.374977195,picking_queue_time
4/17/2021,4.716426118,picking_time
4/18/2021,23.60711038,commute_time
4/18/2021,6.114269913,dispatch_time
4/18/2021,1.935624856,packing_queue_time
4/18/2021,1.781333531,packing_time
4/18/2021,1.667351361,picking_queue_time
4/18/2021,4.887607058,picking_time
4/19/2021,24.40348379,commute_time
4/19/2021,7.120108886,dispatch_time
4/19/2021,1.741071403,packing_queue_time
4/19/2021,1.578556807,packing_time
4/19/2021,1.503949358,picking_queue_time
4/19/2021,4.564968136,picking_time
4/20/2021,24.20885284,commute_time
4/20/2021,6.422711391,dispatch_time
4/20/2021,1.111570589,packing_queue_time
4/20/2021,1.591066568,packing_time
4/20/2021,1.58625286,picking_queue_time
4/20/2021,4.6839122,picking_time
4/21/2021,24.06315741,commute_time
4/21/2021,5.780722262,dispatch_time
4/21/2021,1.412077037,packing_queue_time
4/21/2021,1.692257683,packing_time
4/21/2021,1.380136502,picking_queue_time
4/21/2021,4.735856667,picking_time
4/22/2021,25.90346111,commute_time
4/22/2021,6.744413465,dispatch_time
4/22/2021,1.516231515,packing_queue_time
4/22/2021,1.500935885,packing_time
4/22/2021,2.311692177,picking_queue_time
4/22/2021,5.31997307,picking_time
4/23/2021,25.03620992,commute_time
4/23/2021,6.725694325,dispatch_time
4/23/2021,2.026028091,packing_queue_time
4/23/2021,1.651015578,packing_time
4/23/2021,2.142485512,picking_queue_time
4/23/2021,4.907140162,picking_time
4/24/2021,25.62246608,commute_time
4/24/2021,6.9750938,dispatch_time
4/24/2021,2.459859641,packing_queue_time
4/24/2021,1.665582772,packing_time
4/24/2021,2.571527227,picking_queue_time
4/24/2021,4.967361492,picking_time
4/25/2021,27.07555822,commute_time
4/25/2021,7.948692782,dispatch_time
4/25/2021,1.839490702,packing_queue_time
4/25/2021,1.319885683,packing_time
4/25/2021,2.082438181,picking_queue_time
4/25/2021,4.73129496,picking_time
4/26/2021,28.0997914,commute_time
4/26/2021,6.858445713,dispatch_time
4/26/2021,1.724446683,packing_queue_time
4/26/2021,1.821529661,packing_time
4/26/2021,2.465062853,picking_queue_time
4/26/2021,4.563490607,picking_time
4/27/2021,25.19649196,commute_time
4/27/2021,6.508826178,dispatch_time
4/27/2021,3.520356206,packing_queue_time
4/27/2021,1.726182231,packing_time
4/27/2021,3.442805672,picking_queue_time
4/27/2021,4.844862823,picking_time
4/28/2021,25.95225769,commute_time
4/28/2021,7.641723024,dispatch_time
4/28/2021,3.044857648,packing_queue_time
4/28/2021,1.671588687,packing_time
4/28/2021,2.80140434,picking_queue_time
4/28/2021,4.768088943,picking_time
4/29/2021,50.26420438,commute_time
4/29/2021,8.46954974,dispatch_time
4/29/2021,3.632373055,packing_queue_time
4/29/2021,1.713258097,packing_time
4/29/2021,2.357333979,picking_queue_time
4/29/2021,4.64222925,picking_time
4/30/2021,26.27602296,commute_time
4/30/2021,8.864227611,dispatch_time
4/30/2021,3.229421644,packing_queue_time
4/30/2021,1.67573403,packing_time
4/30/2021,3.741371561,picking_queue_time
4/30/2021,4.767688024,picking_time
5/1/2021,28.62342877,commute_time
5/1/2021,9.761520926,dispatch_time
5/1/2021,5.809539511,packing_queue_time
5/1/2021,2.009214095,packing_time
5/1/2021,4.35301243,picking_queue_time
5/1/2021,5.159244157,picking_time
5/2/2021,27.33733338,commute_time
5/2/2021,12.32756437,dispatch_time
5/2/2021,9.085898738,packing_queue_time
5/2/2021,2.106693562,packing_time
5/2/2021,8.306806796,picking_queue_time
5/2/2021,5.398279028,picking_time
5/3/2021,27.63091851,commute_time
5/3/2021,7.972849857,dispatch_time
5/3/2021,4.124717262,packing_queue_time
5/3/2021,2.112164756,packing_time
5/3/2021,3.510305437,picking_queue_time
5/3/2021,5.191275031,picking_time
5/4/2021,43.69035198,commute_time
5/4/2021,8.808633587,dispatch_time
5/4/2021,5.035439364,packing_queue_time
5/4/2021,1.846776678,packing_time
5/4/2021,6.473516162,picking_queue_time
5/4/2021,5.364554327,picking_time
5/5/2021,33.24755016,commute_time
5/5/2021,17.16146209,dispatch_time
5/5/2021,6.550611915,packing_queue_time
5/5/2021,2.114754813,packing_time
5/5/2021,15.49528033,picking_queue_time
5/5/2021,5.187163597,picking_time
5/6/2021,30.56010876,commute_time
5/6/2021,12.3000666,dispatch_time
5/6/2021,5.096155516,packing_queue_time
5/6/2021,2.194255167,packing_time
5/6/2021,12.69948939,picking_queue_time
5/6/2021,6.329176815,picking_time
5/7/2021,36.78345406,commute_time
5/7/2021,12.86835105,dispatch_time
5/7/2021,8.232566916,packing_queue_time
5/7/2021,2.508465201,packing_time
5/7/2021,9.480671597,picking_queue_time
5/7/2021,6.304329432,picking_time
5/8/2021,34.8222198,commute_time
5/8/2021,12.20209911,dispatch_time
5/8/2021,3.794666955,packing_queue_time
5/8/2021,2.225622804,packing_time
5/8/2021,9.100098368,picking_queue_time
5/8/2021,6.591746795,picking_time
5/9/2021,26.64238689,commute_time
5/9/2021,11.60263939,dispatch_time
5/9/2021,8.819082208,packing_queue_time
5/9/2021,2.162278672,packing_time
5/9/2021,14.14507134,picking_queue_time
5/9/2021,6.241131471,picking_time
5/10/2021,29.83228766,commute_time
5/10/2021,14.67124137,dispatch_time
5/10/2021,10.9487677,packing_queue_time
5/10/2021,2.358824914,packing_time
5/10/2021,24.5507195,picking_queue_time
5/10/2021,6.816132501,picking_time
5/11/2021,27.28957012,commute_time
5/11/2021,11.21790735,dispatch_time
5/11/2021,6.995102592,packing_queue_time
5/11/2021,2.607117736,packing_time
5/11/2021,12.52786356,picking_queue_time
5/11/2021,7.377110334,picking_time
5/12/2021,29.91586523,commute_time
5/12/2021,17.65241838,dispatch_time
5/12/2021,6.22194996,packing_queue_time
5/12/2021,2.579137018,packing_time
5/12/2021,17.85390969,picking_queue_time
5/12/2021,7.534144355,picking_time
5/13/2021,31.7215068,commute_time
5/13/2021,12.29269478,dispatch_time
5/13/2021,2.373650786,packing_queue_time
5/13/2021,2.151811797,packing_time
5/13/2021,21.03263053,picking_queue_time
5/13/2021,6.30476127,picking_time
5/14/2021,24.37034121,commute_time
5/14/2021,8.974419391,dispatch_time
5/14/2021,1.204232176,packing_queue_time
5/14/2021,2.037470849,packing_time
5/14/2021,2.365928973,picking_queue_time
5/14/2021,6.252809096,picking_time
5/15/2021,24.21703309,commute_time
5/15/2021,9.345129343,dispatch_time
5/15/2021,1.056764968,packing_queue_time
5/15/2021,1.963906582,packing_time
5/15/2021,2.109564373,picking_queue_time
5/15/2021,5.939037899,picking_time
5/16/2021,28.24054684,commute_time
5/16/2021,10.44945798,dispatch_time
5/16/2021,1.717041581,packing_queue_time
5/16/2021,2.065152756,packing_time
5/16/2021,1.960512081,picking_queue_time
5/16/2021,6.078919377,picking_time
5/17/2021,42.56137103,commute_time
5/17/2021,27.71701372,dispatch_time
5/17/2021,2.267044656,packing_queue_time
5/17/2021,2.076085547,packing_time
5/17/2021,2.863409431,picking_queue_time
5/17/2021,6.023623801,picking_time
5/18/2021,33.16742828,commute_time
5/18/2021,12.09702227,dispatch_time
5/18/2021,1.676722219,packing_queue_time
5/18/2021,1.786769356,packing_time
5/18/2021,2.46927105,picking_queue_time
5/18/2021,5.828169658,picking_time
5/19/2021,29.22641994,commute_time
5/19/2021,11.07660423,dispatch_time
5/19/2021,2.654541374,packing_queue_time
5/19/2021,1.933730087,packing_time
5/19/2021,2.523297722,picking_queue_time
5/19/2021,6.217650357,picking_time
5/20/2021,33.15639405,commute_time
5/20/2021,17.00266376,dispatch_time
5/20/2021,3.852849694,packing_queue_time
5/20/2021,1.982730437,packing_time
5/20/2021,5.354770748,picking_queue_time
5/20/2021,6.4288331,picking_time
5/21/2021,30.18132991,commute_time
5/21/2021,12.10642905,dispatch_time
5/21/2021,2.764663387,packing_queue_time
5/21/2021,1.973323826,packing_time
5/21/2021,5.656897384,picking_queue_time
5/21/2021,6.398428622,picking_time
5/22/2021,31.31960179,commute_time
5/22/2021,11.86324702,dispatch_time
5/22/2021,4.139273463,packing_queue_time
5/22/2021,1.900136013,packing_time
5/22/2021,6.910046525,picking_queue_time
5/22/2021,6.147801572,picking_time
5/23/2021,30.49353564,commute_time
5/23/2021,12.06071724,dispatch_time
5/23/2021,4.196910199,packing_queue_time
5/23/2021,1.847492632,packing_time
5/23/2021,5.333910275,picking_queue_time
5/23/2021,5.982680884,picking_time
5/24/2021,34.56666489,commute_time
5/24/2021,14.05054965,dispatch_time
5/24/2021,5.602230324,packing_queue_time
5/24/2021,1.945973717,packing_time
5/24/2021,12.85501748,picking_queue_time
5/24/2021,5.895491353,picking_time
5/25/2021,32.1944664,commute_time
5/25/2021,15.33884123,dispatch_time
5/25/2021,2.095271575,packing_queue_time
5/25/2021,1.930628519,packing_time
5/25/2021,3.831661313,picking_queue_time
5/25/2021,6.272507663,picking_time
5/26/2021,31.13344292,commute_time
5/26/2021,15.79108838,dispatch_time
5/26/2021,4.237518637,packing_queue_time
5/26/2021,2.133623112,packing_time
5/26/2021,5.656964654,picking_queue_time
5/26/2021,7.291597536,picking_time
5/27/2021,30.64989577,commute_time
5/27/2021,16.11049803,dispatch_time
5/27/2021,3.327911179,packing_queue_time
5/27/2021,2.156808815,packing_time
5/27/2021,8.245438206,picking_queue_time
5/27/2021,7.303225693,picking_time
5/28/2021,32.38709282,commute_time
5/28/2021,12.77382617,dispatch_time
5/28/2021,3.444957539,packing_queue_time
5/28/2021,2.031669392,packing_time
5/28/2021,6.510463,picking_queue_time
5/28/2021,6.994089722,picking_time
5/29/2021,33.21803991,commute_time
5/29/2021,16.17820731,dispatch_time
5/29/2021,2.91773206,packing_queue_time
5/29/2021,1.876455711,packing_time
5/29/2021,4.268465004,picking_queue_time
5/29/2021,6.609389816,picking_time
5/30/2021,31.73405803,commute_time
5/30/2021,16.65431085,dispatch_time
5/30/2021,3.881206901,packing_queue_time
5/30/2021,2.089859497,packing_time
5/30/2021,9.036534312,picking_queue_time
5/30/2021,6.90250934,picking_time
5/31/2021,32.15913581,commute_time
5/31/2021,13.32066918,dispatch_time
5/31/2021,2.381720478,packing_queue_time
5/31/2021,1.975173935,packing_time
5/31/2021,3.669909669,picking_queue_time
5/31/2021,6.905225212,picking_time
6/1/2021,30.2407005,commute_time
6/1/2021,12.61642422,dispatch_time
6/1/2021,3.391317435,packing_queue_time
6/1/2021,2.495957069,packing_time
6/1/2021,3.665905517,picking_queue_time
6/1/2021,6.826822249,picking_time
6/2/2021,29.67988879,commute_time
6/2/2021,10.61705681,dispatch_time
6/2/2021,2.139880871,packing_queue_time
6/2/2021,1.762071791,packing_time
6/2/2021,3.644500978,picking_queue_time
6/2/2021,5.980025265,picking_time
6/3/2021,30.22956901,commute_time
6/3/2021,10.3572129,dispatch_time
6/3/2021,2.384552938,packing_queue_time
6/3/2021,1.767074139,packing_time
6/3/2021,2.906111139,picking_queue_time
6/3/2021,6.201332914,picking_time
6/4/2021,29.75283689,commute_time
6/4/2021,10.24106799,dispatch_time
6/4/2021,2.505768543,packing_queue_time
6/4/2021,1.552061769,packing_time
6/4/2021,2.583482307,picking_queue_time
6/4/2021,6.085223877,picking_time
6/5/2021,31.50151694,commute_time
6/5/2021,9.416322425,dispatch_time
6/5/2021,2.002732137,packing_queue_time
6/5/2021,1.613145785,packing_time
6/5/2021,2.070215522,picking_queue_time
6/5/2021,5.742470465,picking_time
6/6/2021,32.04593525,commute_time
6/6/2021,12.79749878,dispatch_time
6/6/2021,5.253110959,packing_queue_time
6/6/2021,1.773838908,packing_time
6/6/2021,7.573411158,picking_queue_time
6/6/2021,6.08548618,picking_time
6/7/2021,28.99449057,commute_time
6/7/2021,9.120365173,dispatch_time
6/7/2021,1.820125314,packing_queue_time
6/7/2021,1.862002987,packing_time
6/7/2021,1.89733817,picking_queue_time
6/7/2021,5.732273163,picking_time
6/8/2021,28.84995902,commute_time
6/8/2021,8.581158766,dispatch_time
6/8/2021,2.041632648,packing_queue_time
6/8/2021,1.900127015,packing_time
6/8/2021,2.291024246,picking_queue_time
6/8/2021,6.179284876,picking_time
6/9/2021,28.11225326,commute_time
6/9/2021,8.531913714,dispatch_time
6/9/2021,1.708362777,packing_queue_time
6/9/2021,1.812707298,packing_time
6/9/2021,2.480884588,picking_queue_time
6/9/2021,6.128041701,picking_time
6/10/2021,27.50222913,commute_time
6/10/2021,7.719898735,dispatch_time
6/10/2021,1.703623638,packing_queue_time
6/10/2021,1.938733233,packing_time
6/10/2021,1.783194256,picking_queue_time
6/10/2021,6.0042447,picking_time
6/11/2021,29.20467004,commute_time
6/11/2021,9.970072474,dispatch_time
6/11/2021,2.239015012,packing_queue_time
6/11/2021,2.024495061,packing_time
6/11/2021,1.958691194,picking_queue_time
6/11/2021,6.314962381,picking_time
6/12/2021,29.27673895,commute_time
6/12/2021,8.358526068,dispatch_time
6/12/2021,1.578029331,packing_queue_time
6/12/2021,1.779948494,packing_time
6/12/2021,2.124116074,picking_queue_time
6/12/2021,5.77016467,picking_time
6/13/2021,28.81730609,commute_time
6/13/2021,9.672873267,dispatch_time
6/13/2021,2.150043665,packing_queue_time
6/13/2021,1.997141545,packing_time
6/13/2021,1.828910532,picking_queue_time
6/13/2021,6.807707514,picking_time
6/14/2021,29.26307722,commute_time
6/14/2021,8.047940341,dispatch_time
6/14/2021,1.234202986,packing_queue_time
6/14/2021,1.72904697,packing_time
6/14/2021,1.082368162,picking_queue_time
6/14/2021,5.570359488,picking_time
6/15/2021,31.45122101,commute_time
6/15/2021,9.644993476,dispatch_time
6/15/2021,2.310409463,packing_queue_time
6/15/2021,1.9038366,packing_time
6/15/2021,1.63972761,picking_queue_time
6/15/2021,5.840513663,picking_time
6/16/2021,30.61927988,commute_time
6/16/2021,10.0937853,dispatch_time
6/16/2021,2.251893184,packing_queue_time
6/16/2021,1.831193934,packing_time
6/16/2021,1.852353268,picking_queue_time
6/16/2021,6.186856116,picking_time
6/17/2021,31.74128391,commute_time
6/17/2021,11.00493418,dispatch_time
6/17/2021,2.475929553,packing_queue_time
6/17/2021,1.718024061,packing_time
6/17/2021,2.358810029,picking_queue_time
6/17/2021,5.800914445,picking_time
6/18/2021,31.38480791,commute_time
6/18/2021,9.887491464,dispatch_time
6/18/2021,3.077222439,packing_queue_time
6/18/2021,2.062326108,packing_time
6/18/2021,3.591668955,picking_queue_time
6/18/2021,6.708820168,picking_time
6/19/2021,32.02050174,commute_time
6/19/2021,9.581456127,dispatch_time
6/19/2021,1.667290369,packing_queue_time
6/19/2021,1.659030818,packing_time
6/19/2021,1.763006807,picking_queue_time
6/19/2021,6.148444465,picking_time
6/20/2021,32.02032518,commute_time
6/20/2021,10.19582241,dispatch_time
6/20/2021,1.732518834,packing_queue_time
6/20/2021,1.587388912,packing_time
6/20/2021,1.864428362,picking_queue_time
6/20/2021,6.026582737,picking_time
6/21/2021,32.23352991,commute_time
6/21/2021,8.774398604,dispatch_time
6/21/2021,1.442224036,packing_queue_time
6/21/2021,1.44982247,packing_time
6/21/2021,2.403942712,picking_queue_time
6/21/2021,5.805838356,picking_time
6/22/2021,32.33537043,commute_time
6/22/2021,10.05136151,dispatch_time
6/22/2021,3.248612999,packing_queue_time
6/22/2021,1.744691122,packing_time
6/22/2021,3.870791804,picking_queue_time
6/22/2021,6.217600189,picking_time
6/23/2021,33.18411594,commute_time
6/23/2021,9.504998879,dispatch_time
6/23/2021,2.534724151,packing_queue_time
6/23/2021,1.620806977,packing_time
6/23/2021,4.604959171,picking_queue_time
6/23/2021,5.766663504,picking_time
6/24/2021,33.59029154,commute_time
6/24/2021,10.5760909,dispatch_time
6/24/2021,2.708551394,packing_queue_time
6/24/2021,2.058222846,packing_time
6/24/2021,3.047969903,picking_queue_time
6/24/2021,5.432012731,picking_time
6/25/2021,31.40245502,commute_time
6/25/2021,10.05495173,dispatch_time
6/25/2021,2.083015409,packing_queue_time
6/25/2021,1.890470556,packing_time
6/25/2021,1.769570911,picking_queue_time
6/25/2021,5.22449429,picking_time
6/26/2021,30.64965632,commute_time
6/26/2021,10.07645273,dispatch_time
6/26/2021,1.742415361,packing_queue_time
6/26/2021,1.979357832,packing_time
6/26/2021,1.617512737,picking_queue_time
6/26/2021,5.564106307,picking_time
6/27/2021,30.54060971,commute_time
6/27/2021,11.06453696,dispatch_time
6/27/2021,1.86297172,packing_queue_time
6/27/2021,2.018872774,packing_time
6/27/2021,1.480977784,picking_queue_time
6/27/2021,5.320332983,picking_time
6/28/2021,23.83511158,commute_time
6/28/2021,8.351574708,dispatch_time
6/28/2021,1.7550592,packing_queue_time
6/28/2021,1.244823922,packing_time
6/28/2021,1.63688648,picking_queue_time
6/28/2021,7.681620662,picking_time